<?xml version="1.0" encoding="UTF-8" standalone="yes"?>
<addon id="repository.wizard" name="Wizard-TV" version="1.0.0" provider-name="wizard">
	<extension point="xbmc.addon.repository" name="wizard">
		<info compressed="false">https://raw.githubusercontent.com/arayot/repowizard/master/repository/addons.xml</info>
		<checksum>https://raw.githubusercontent.com/arayot/repowizard/master/repository/addons.xml.md5</checksum>
		<datadir zip="true">https://github.com/arayot/repowizard/raw/master/repository/zips/</datadir>
	</extension>
	<extension point="xbmc.addon.metadata">
		<summary>wt</summary>
		<description>THE MOST KODI</description>
		<platform>all</platform>
			<assets>
			<icon>icon.png</icon>
			<fanart>fanart.jpg</fanart>
			</assets>
	</extension>
</addon>